{\rtf1\ansi\ansicpg1252\cocoartf1504\cocoasubrtf600
{\fonttbl\f0\fswiss\fcharset0 Helvetica;}
{\colortbl;\red255\green255\blue255;}
{\*\expandedcolortbl;\csgray\c100000;}
\margl1440\margr1440\vieww10800\viewh8400\viewkind0
\pard\tx720\tx1440\tx2160\tx2880\tx3600\tx4320\tx5040\tx5760\tx6480\tx7200\tx7920\tx8640\pardirnatural\partightenfactor0

\f0\fs24 \cf0 [\{"Country":"Afghanistan"," Latitude":33.7680065," Longitude":66.2385139," Magnitude":0.7000\},\
\{"Country":"Albania"," Latitude":41.000028," Longitude":19.9999619," Magnitude":1.7000\},\
\{"Country":"Algeria"," Latitude":28.0000272," Longitude":2.9999825," Magnitude":3.5000\},\
\{"Country":"Angola"," Latitude":-11.8775767," Longitude":17.5691241," Magnitude":1.4000\},\
\{"Country":"Antigua and Barbuda"," Latitude":17.079128," Longitude":-61.8222515," Magnitude":5.8000\},\
\{"Country":"Argentina"," Latitude":-34.9964962," Longitude":-64.9672816," Magnitude":4.5000\},\
\{"Country":"Australia"," Latitude":-24.7761085," Longitude":134.755," Magnitude":16.3000\},\
\{"Country":"Austria"," Latitude":47.2000338," Longitude":13.199959," Magnitude":7.4000\},\
\{"Country":"Bahamas, The"," Latitude":24.7736546," Longitude":-78.0000546," Magnitude":8.2000\},\
\{"Country":"Bahrain"," Latitude":26.1551249," Longitude":50.5344606," Magnitude":23.7000\},\
\{"Country":"Barbados"," Latitude":13.1500331," Longitude":-59.5250304," Magnitude":5.1000\},\
\{"Country":"Belgium"," Latitude":50.6407351," Longitude":4.66696," Magnitude":8.4000\},\
\{"Country":"Belize"," Latitude":16.8259793," Longitude":-88.7600926," Magnitude":1.5000\},\
\{"Country":"Benin"," Latitude":9.5293472," Longitude":2.2584408," Magnitude":0.6000\},\
\{"Country":"Bermuda"," Latitude":32.3018217," Longitude":-64.7603582," Magnitude":5.6000\},\
\{"Country":"Bolivia"," Latitude":-17.7955832," Longitude":-63.1774982," Magnitude":1.9000\},\
\{"Country":"Brazil"," Latitude":-10.3333332," Longitude":-53.1999999," Magnitude":2.5000\},\
\{"Country":"Brunei Darussalam"," Latitude":4.4137155," Longitude":114.5653908," Magnitude":18.9000\},\
\{"Country":"Bulgaria"," Latitude":42.6073975," Longitude":25.4856617," Magnitude":5.4000\},\
\{"Country":"Burkina Faso"," Latitude":12.0753083," Longitude":-1.6880313," Magnitude":0.2000\},\
\{"Country":"Burundi"," Latitude":-3.3634356," Longitude":29.8870575," Magnitude":0.0000\},\
\{"Country":"Cabo Verde"," Latitude":16.0000552," Longitude":-24.0083946," Magnitude":0.9000\},\
\{"Country":"Cambodia"," Latitude":13.5066394," Longitude":104.869423," Magnitude":0.4000\},\
\{"Country":"Cameroon"," Latitude":4.6125522," Longitude":13.1535811," Magnitude":0.3000\},\
\{"Country":"Canada"," Latitude":61.0666922," Longitude":-107.991707," Magnitude":13.5000\},\
\{"Country":"Cayman Islands"," Latitude":19.5417212," Longitude":-80.5667131," Magnitude":9.2000\},\
\{"Country":"Central African Republic"," Latitude":25.2183959," Longitude":55.17523858," Magnitude":0.1000\},\
\{"Country":"Chad"," Latitude":15.6134137," Longitude":19.0156172," Magnitude":0.0000\},\
\{"Country":"Chile"," Latitude":-31.7613364," Longitude":-71.3187696," Magnitude":4.7000\},\
\{"Country":"China"," Latitude":35.000074," Longitude":104.999927," Magnitude":7.6000\},\
\{"Country":"Colombia"," Latitude":2.8894434," Longitude":73.7838919," Magnitude":1.9000\},\
\{"Country":"Comoros"," Latitude":-12.2045175," Longitude":44.2832964," Magnitude":0.2000\},\
\{"Country":"Congo, Dem. Rep."," Latitude":-2.9814343," Longitude":23.8222636," Magnitude":0.0000\},\
\{"Country":"Congo, Rep."," Latitude":-0.7264326," Longitude":15.6419155," Magnitude":0.6000\},\
\{"Country":"Costa Rica"," Latitude":10.2735633," Longitude":-84.0739101," Magnitude":1.6000\},\
\{"Country":"Cote d'Ivoire"," Latitude":7.9897371," Longitude":-5.5679457," Magnitude":0.4000\},\
\{"Country":"Croatia"," Latitude":45.5643442," Longitude":17.0118954," Magnitude":4.2000\},\
\{"Country":"Cuba"," Latitude":23.0131338," Longitude":-80.8328747," Magnitude":3.5000\},\
\{"Country":"Cyprus"," Latitude":34.9823018," Longitude":33.1451285," Magnitude":5.2000\},\
\{"Country":"Czech Republic"," Latitude":49.8167003," Longitude":15.4749544," Magnitude":9.4000\},\
\{"Country":"Denmark"," Latitude":55.670249," Longitude":10.3333283," Magnitude":6.8000\},\
\{"Country":"Djibouti"," Latitude":11.85677545," Longitude":42.75778452," Magnitude":0.7000\},\
\{"Country":"Dominica"," Latitude":15.4113138," Longitude":-61.3653617," Magnitude":1.8000\},\
\{"Country":"Dominican Republic"," Latitude":19.0974031," Longitude":-70.3028025," Magnitude":2.1000\},\
\{"Country":"Ecuador"," Latitude":-1.3397667," Longitude":-79.3666964," Magnitude":2.8000\},\
\{"Country":"Egypt, Arab Rep."," Latitude":26.2540493," Longitude":29.2675469," Magnitude":2.4000\},\
\{"Country":"El Salvador"," Latitude":13.8000382," Longitude":-88.9140682," Magnitude":1.0000\},\
\{"Country":"Equatorial Guinea"," Latitude":1.613172," Longitude":10.5170357," Magnitude":6.8000\},\
\{"Country":"Ethiopia"," Latitude":10.2116702," Longitude":38.6521203," Magnitude":0.1000\},\
\{"Country":"Faroe Islands"," Latitude":62.19889095," Longitude":-6.817807306," Magnitude":12.3000\},\
\{"Country":"Fiji"," Latitude":-18.1239695," Longitude":179.0122737," Magnitude":1.9000\},\
\{"Country":"Finland"," Latitude":63.2467777," Longitude":25.9209164," Magnitude":8.5000\},\
\{"Country":"France"," Latitude":46.603354," Longitude":1.8883335," Magnitude":5.1000\},\
\{"Country":"French Polynesia"," Latitude":-18.6243748," Longitude":-144.6434897," Magnitude":3.0000\},\
\{"Country":"Gabon"," Latitude":-0.8999694," Longitude":11.6899699," Magnitude":2.9000\},\
\{"Country":"Gambia, The"," Latitude":13.470062," Longitude":-15.4900463," Magnitude":0.3000\},\
\{"Country":"Ghana"," Latitude":8.0300284," Longitude":-1.080027," Magnitude":0.6000\},\
\{"Country":"Gibraltar"," Latitude":36.1451465," Longitude":-5.3484847," Magnitude":15.5000\},\
\{"Country":"Greece"," Latitude":38.9953683," Longitude":21.9877132," Magnitude":6.3000\},\
\{"Country":"Greenland"," Latitude":77.6192349," Longitude":-42.8125966," Magnitude":10.1000\},\
\{"Country":"Grenada"," Latitude":12.1360374," Longitude":-61.6904044," Magnitude":2.9000\},\
\{"Country":"Guatemala"," Latitude":15.6356088," Longitude":-89.8988086," Magnitude":0.9000\},\
\{"Country":"Guinea"," Latitude":10.7226226," Longitude":-10.7083586," Magnitude":0.2000\},\
\{"Country":"Guinea-Bissau"," Latitude":12.100035," Longitude":-14.9000213," Magnitude":0.1000\},\
\{"Country":"Guyana"," Latitude":4.8417097," Longitude":-58.641689," Magnitude":2.5000\},\
\{"Country":"Haiti"," Latitude":19.1399952," Longitude":-72.3570971," Magnitude":0.2000\},\
\{"Country":"Honduras"," Latitude":15.0610686," Longitude":-84.5978533," Magnitude":1.2000\},\
\{"Country":"Hong Kong SAR, China"," Latitude":22.2793278," Longitude":114.1628131," Magnitude":6.3000\},\
\{"Country":"Hungary"," Latitude":47.1817585," Longitude":19.5060937," Magnitude":4.2000\},\
\{"Country":"Iceland"," Latitude":64.9841821," Longitude":-18.1059012," Magnitude":6.1000\},\
\{"Country":"India"," Latitude":22.3511148," Longitude":78.6677428," Magnitude":1.6000\},\
\{"Country":"Indonesia"," Latitude":-4.7993355," Longitude":114.5632032," Magnitude":1.9000\},\
\{"Country":"Iran, Islamic Rep."," Latitude":32.9407496," Longitude":52.9471344," Magnitude":8.0000\},\
\{"Country":"Iraq"," Latitude":33.0955793," Longitude":44.1749775," Magnitude":4.9000\},\
\{"Country":"Ireland"," Latitude":52.865196," Longitude":-7.9794598," Magnitude":7.6000\},\
\{"Country":"Israel"," Latitude":30.8760272," Longitude":35.0015196," Magnitude":8.8000\},\
\{"Country":"Italy"," Latitude":42.6384261," Longitude":12.674297," Magnitude":5.7000\},\
\{"Country":"Jamaica"," Latitude":18.1850507," Longitude":-77.3947692," Magnitude":2.8000\},\
\{"Country":"Japan"," Latitude":36.5748441," Longitude":139.2394179," Magnitude":9.8000\},\
\{"Country":"Jordan"," Latitude":31.1667049," Longitude":36.941628,